guests_id,firstName,lastName,email,phone
1,Calv,Heardman,cheardman0@ovh.net,(581) 2948249
2,Anitra,Keford,akeford1@netvibes.com,(207) 2000581
3,Davis,Milmo,dmilmo2@bluehost.com,(203) 8006904
4,Coriss,Mountfort,cmountfort3@bbc.co.uk,(283) 6831529
5,Berton,Whittock,bwhittock4@about.me,(573) 7548299
6,Quentin,Cheves,qcheves5@cbc.ca,(544) 4026778
7,Kelsey,Spering,kspering6@sohu.com,(187) 6246823
8,Othelia,Daines,odaines7@patch.com,(247) 3398518
9,Emlyn,Byfield,ebyfield8@unc.edu,(476) 1264730
10,Cletis,Landsbury,clandsbury9@cnet.com,(281) 5718178
11,Tim,Klessmann,tklessmanna@xing.com,(922) 1872495
12,Ulric,Hearsey,uhearseyb@1688.com,(664) 1877518
13,Sharleen,Roncelli,sroncellic@zimbio.com,(918) 4621256
14,Babs,Silverthorne,bsilverthorned@state.gov,(310) 1601510
15,Grantley,Pennycord,gpennycorde@a8.net,(620) 6742162
16,Gustavus,Stoneham,gstonehamf@opera.com,(597) 1287274
17,Sonni,Girvan,sgirvang@github.io,(456) 1069317
18,Andromache,Shelly,ashellyh@sourceforge.net,(409) 1604611
19,Quint,Batchelder,qbatchelderi@mozilla.org,(508) 6318144
20,Sheelah,Arne,sarnej@foxnews.com,(702) 9650913
21,Dorthy,Tredget,dtredgetk@prnewswire.com,(274) 8654969
22,Jacquetta,Lorimer,jlorimerl@virginia.edu,(322) 8164847
23,Leo,Crennell,lcrennellm@lulu.com,(981) 5411626
24,Tarrah,Nell,tnelln@pcworld.com,(748) 5092345
25,Jo ann,Bird,jbirdo@psu.edu,(317) 3279478
26,Erastus,Gerrelt,egerreltp@seattletimes.com,(622) 3878197
27,Cirillo,Carlett,ccarlettq@dell.com,(490) 1356147
28,Hermia,Tindle,htindler@creativecommons.org,(429) 7435498
29,Prisca,Pina,ppinas@slate.com,(449) 6644945
30,Pen,McAulay,pmcaulayt@china.com.cn,(202) 3991147
31,Pippy,Moreno,pmorenou@nsw.gov.au,(496) 4453557
32,Laney,O'Loghlen,lologhlenv@army.mil,(823) 6852467
33,Jaclyn,Ventris,jventrisw@unesco.org,(275) 9262482
34,Efren,Nise,enisex@foxnews.com,(380) 6727112
35,Ollie,Manie,omaniey@examiner.com,(571) 6270994
36,Ramon,Spinney,rspinneyz@feedburner.com,(829) 2622964
37,Otha,Local,olocal10@pinterest.com,(379) 1770425
38,Vonni,Lead,vlead11@bravesites.com,(690) 8466310
39,Adel,Orange,aorange12@webs.com,(496) 7964384
40,Cecilia,Feldberg,cfeldberg13@dell.com,(122) 7479058
41,Mateo,McCullogh,mmccullogh14@cdbaby.com,(993) 3332555
42,Britney,Osbiston,bosbiston15@cocolog-nifty.com,(894) 2845439
43,Goldie,Halbard,ghalbard16@alexa.com,(143) 8846067
44,Garfield,Caffery,gcaffery17@stanford.edu,(887) 1692622
45,Newton,Tatlowe,ntatlowe18@illinois.edu,(294) 6865604
46,Janith,Ezele,jezele19@icq.com,(254) 1110571
47,Julianna,Nund,jnund1a@adobe.com,(382) 8307330
48,Keelia,Dursley,kdursley1b@virginia.edu,(386) 7736754
49,Duff,Longega,dlongega1c@odnoklassniki.ru,(200) 6838694
50,Murray,Takle,mtakle1d@geocities.com,(236) 6398670
51,Durant,Moulsdale,dmoulsdale1e@biblegateway.com,(767) 4613754
52,Paton,Blaylock,pblaylock1f@parallels.com,(511) 6418486
53,Sibbie,Batho,sbatho1g@washington.edu,(725) 4376702
54,Bette-ann,Medgewick,bmedgewick1h@barnesandnoble.com,(502) 6855948
55,Alessandro,Gittens,agittens1i@imdb.com,(484) 9608424
56,Cristin,Brehault,cbrehault1j@ucoz.ru,(975) 3407411
57,Trace,Dufall,tdufall1k@yolasite.com,(634) 5263753
58,Donaugh,Whyley,dwhyley1l@cnet.com,(134) 9321384
59,Ronda,Chartres,rchartres1m@narod.ru,(569) 4984889
60,Lodovico,Meltetal,lmeltetal1n@cbslocal.com,(516) 8290228
61,Kirstyn,Creavan,kcreavan1o@wikipedia.org,(109) 9690269
62,Nanon,Crowne,ncrowne1p@bbb.org,(766) 2989993
63,Will,Corpe,wcorpe1q@sun.com,(289) 9618645
64,Hastie,Espinos,hespinos1r@youtu.be,(291) 5797525
65,Max,Withull,mwithull1s@skyrock.com,(502) 1095696
66,Jerrilyn,Beckley,jbeckley1t@mapy.cz,(680) 4840696
67,Hilton,Umney,humney1u@china.com.cn,(843) 7288945
68,Pren,Crolly,pcrolly1v@wikimedia.org,(575) 6865597
69,Rakel,Lowdiane,rlowdiane1w@artisteer.com,(750) 4566839
70,Cyndie,Bloore,cbloore1x@twitter.com,(278) 4923776
71,Arleen,Haborn,ahaborn1y@ed.gov,(924) 2131264
72,Jacques,McMullen,jmcmullen1z@sogou.com,(402) 1399392
73,Audrye,Belfield,abelfield20@prlog.org,(254) 3108007
74,Gael,O'Hollegan,gohollegan21@sogou.com,(102) 6305113
75,Betsey,Ezzle,bezzle22@bandcamp.com,(395) 8236496
76,Kara,Pach,kpach23@mozilla.org,(903) 9836399
77,Brittan,Baselli,bbaselli24@si.edu,(500) 2931484
78,De,O'Hoey,dohoey25@ca.gov,(834) 8510721
79,Morlee,Ivatt,mivatt26@over-blog.com,(746) 2731210
80,Verna,Lindman,vlindman27@state.gov,(134) 3797917
81,Rosamund,Chanter,rchanter28@sourceforge.net,(151) 4924537
82,Virgil,Patek,vpatek29@ezinearticles.com,(163) 1131982
83,Jemie,McCreedy,jmccreedy2a@t-online.de,(294) 5571939
84,Minne,Ettritch,mettritch2b@dailymail.co.uk,(299) 5881926
85,Deane,Olver,dolver2c@reuters.com,(697) 5771425
86,Lacee,Bursnoll,lbursnoll2d@xinhuanet.com,(162) 1124359
87,Padraic,Trethewey,ptrethewey2e@naver.com,(884) 4474908
88,Hendrick,Niesegen,hniesegen2f@tinypic.com,(802) 6067471
89,Jenni,Youles,jyoules2g@w3.org,(430) 9741392
90,Dalton,Grieger,dgrieger2h@ft.com,(116) 9716409
91,Kristina,Davydoch,kdavydoch2i@devhub.com,(753) 8692612
92,Elna,Tittletross,etittletross2j@digg.com,(398) 1353335
93,Stan,Barras,sbarras2k@kickstarter.com,(884) 5292818
94,Lesley,Kantor,lkantor2l@zdnet.com,(916) 3626919
95,Ransell,Godbold,rgodbold2m@liveinternet.ru,(697) 2028740
96,Phillipe,Middleweek,pmiddleweek2n@mit.edu,(924) 5836930
97,Nate,Ollander,nollander2o@imdb.com,(542) 4134937
98,Angy,Ebbers,aebbers2p@google.ca,(876) 2176627
99,Neel,Baigent,nbaigent2q@imdb.com,(819) 8092294
100,Nahum,Jolliman,njolliman2r@marriott.com,(918) 8525074
101,Elga,Diggles,ediggles2s@deliciousdays.com,(683) 4234651
102,Winnie,Gilbride,wgilbride2t@ucsd.edu,(375) 1875343
103,Bondie,Linkie,blinkie2u@technorati.com,(287) 1848601
104,Molli,Scoyne,mscoyne2v@buzzfeed.com,(321) 7214614
105,Martha,Gosswell,mgosswell2w@meetup.com,(397) 4955199
106,Legra,Humpage,lhumpage2x@sohu.com,(499) 6944433
107,Lowrance,Shildrake,lshildrake2y@google.it,(198) 4341907
108,Shelia,Pawlett,spawlett2z@networksolutions.com,(726) 7583350
109,Rory,Flips,rflips30@seesaa.net,(353) 8841865
110,Urbano,Manie,umanie31@goo.gl,(712) 6869609
111,Lolita,Scamaden,lscamaden32@lycos.com,(287) 3222461
112,Jeremie,Hadley,jhadley33@posterous.com,(320) 1098216
113,Carol-jean,Pegram,cpegram34@dagondesign.com,(783) 9915685
114,Gussy,Lannin,glannin35@miitbeian.gov.cn,(275) 2229819
115,Tony,Dilgarno,tdilgarno36@google.es,(526) 1829093
116,Maryanne,Lope,mlope37@wikia.com,(311) 3882752
117,Florian,Imason,fimason38@opera.com,(307) 6987499
118,Woodman,Goodoune,wgoodoune39@51.la,(991) 9820664
119,Amalee,Ashington,aashington3a@eventbrite.com,(271) 9590036
120,Adey,Sheahan,asheahan3b@sina.com.cn,(912) 4217506
